id,first_name,last_name,title,email,phone,encrypted_password,reset_password_token,reset_password_sent_at,remember_created_at,created_at,updated_at
1,Philippe,Bouillon,Comm Rep,philippe.bouillon@codeboxx.biz,261-811-7248,$2a$11$OvG/gK3BnOV/Zp0AXuH9Y.LnoAeHFjvhnP7.H9aaE3tjwym1QqWo6,,,8/2/2018,8/2/2018,6/3/2018
2,Serge,Savoie,Engineer,serge.savoie@codeboxx.biz,782-252-0031,$2a$11$OvG/gK3BnOV/Zp0AXuH9Y.LnoAeHFjvhnP7.H9aaE3tjwym1QqWo6,,,,6/27/2018,10/24/2018
3,Felix-Antoine,Paradis,Engineer,felix-antoine.paradis@codeboxx.biz,590-425-5182,$2a$11$OvG/gK3BnOV/Zp0AXuH9Y.LnoAeHFjvhnP7.H9aaE3tjwym1QqWo6,,,,1/30/2019,7/14/2018
4,Mathieu,Houde,Engineer,mathieu.houde@codeboxx.biz,272-643-6982,$2a$11$OvG/gK3BnOV/Zp0AXuH9Y.LnoAeHFjvhnP7.H9aaE3tjwym1QqWo6,,,,1/19/2019,5/20/2018
5,Mathieu,Lefrancois,Engineer,mathieu.lefrancois@codeboxx.biz,273-965-9834,$2a$11$OvG/gK3BnOV/Zp0AXuH9Y.LnoAeHFjvhnP7.H9aaE3tjwym1QqWo6,,,,6/14/2018,12/2/2018
6,Remi,Gagnon,Engineer,remi.gagnon@codeboxx.biz,977-503-9474,$2a$11$OvG/gK3BnOV/Zp0AXuH9Y.LnoAeHFjvhnP7.H9aaE3tjwym1QqWo6,,,,5/27/2018,3/12/2019
7,Nadya,Fortier,Director,nadya.fortier@codeboxx.biz,168-641-9076,$2a$11$OvG/gK3BnOV/Zp0AXuH9Y.LnoAeHFjvhnP7.H9aaE3tjwym1QqWo6,,,,8/31/2018,12/20/2018
8,Olivier,Denis,Student,olivier.denis1@gmail.com,517-902-9314,$2a$11$OvG/gK3BnOV/Zp0AXuH9Y.LnoAeHFjvhnP7.H9aaE3tjwym1QqWo6,,,,8/28/2018,3/28/2019
9,Roselia,Noury,Staff Scientist,rnoury8@qq.com,362-842-8374,$2a$11$OvG/gK3BnOV/Zp0AXuH9Y.LnoAeHFjvhnP7.H9aaE3tjwym1QqWo6,,,,6/2/2018,12/6/2018
10,Tulley,Slowgrove,Cost Accountant,tslowgrove9@bluehost.com,120-417-6171,$2a$11$OvG/gK3BnOV/Zp0AXuH9Y.LnoAeHFjvhnP7.H9aaE3tjwym1QqWo6,,,,10/20/2018,7/15/2018
11,Panchito,Lillywhite,Quality Engineer,plillywhitea@myspace.com,497-200-8026,$2a$11$OvG/gK3BnOV/Zp0AXuH9Y.LnoAeHFjvhnP7.H9aaE3tjwym1QqWo6,,,,5/8/2018,12/6/2018
12,Loreen,Atrill,Administrative Assistant II,latrillb@posterous.com,549-918-3708,$2a$11$OvG/gK3BnOV/Zp0AXuH9Y.LnoAeHFjvhnP7.H9aaE3tjwym1QqWo6,,,,10/2/2018,3/22/2019
13,Ynez,Clarke,Director,yclarke2p@hc360.com,403-976-4810,$2a$11$OvG/gK3BnOV/Zp0AXuH9Y.LnoAeHFjvhnP7.H9aaE3tjwym1QqWo6,,,,4/24/2018,4/22/2018
14,Harriett,Ligerton,Director,hligerton2c@liveinternet.ru,957-453-6040,$2a$11$OvG/gK3BnOV/Zp0AXuH9Y.LnoAeHFjvhnP7.H9aaE3tjwym1QqWo6,,,,8/23/2018,2/17/2019
15,Florie,Akett,GIS Technical Architect,fakette@chronoengine.com,673-149-3107,$2a$11$OvG/gK3BnOV/Zp0AXuH9Y.LnoAeHFjvhnP7.H9aaE3tjwym1QqWo6,,,,5/16/2018,3/25/2019
16,Vivian,Colbertson,Product Engineer,vcolbertsonf@github.io,962-526-4918,$2a$11$OvG/gK3BnOV/Zp0AXuH9Y.LnoAeHFjvhnP7.H9aaE3tjwym1QqWo6,,,,1/19/2019,4/10/2018
17,Buffy,Dunn,Director,bdunna@4shared.com,723-748-6605,$2a$11$OvG/gK3BnOV/Zp0AXuH9Y.LnoAeHFjvhnP7.H9aaE3tjwym1QqWo6,,,,6/29/2018,10/25/2018
18,Walden,Millery,Recruiter,wmilleryh@miibeian.gov.cn,104-626-8057,$2a$11$OvG/gK3BnOV/Zp0AXuH9Y.LnoAeHFjvhnP7.H9aaE3tjwym1QqWo6,,,,7/19/2018,9/3/2018
19,Luca,Addison,Help Desk Technician,laddisoni@theatlantic.com,648-501-9949,$2a$11$OvG/gK3BnOV/Zp0AXuH9Y.LnoAeHFjvhnP7.H9aaE3tjwym1QqWo6,,,,2/11/2019,1/21/2019
20,Candace,Strattan,Software Test Engineer IV,cstrattanj@netscape.com,514-863-2887,$2a$11$OvG/gK3BnOV/Zp0AXuH9Y.LnoAeHFjvhnP7.H9aaE3tjwym1QqWo6,,,,9/13/2018,5/1/2018
21,Maribeth,Washington,Account Representative I,mwashingtonk@prnewswire.com,524-446-8237,$2a$11$OvG/gK3BnOV/Zp0AXuH9Y.LnoAeHFjvhnP7.H9aaE3tjwym1QqWo6,,,,5/3/2018,10/20/2018
22,Dela,Stratz,Help Desk Operator,dstratzl@bluehost.com,983-232-7797,$2a$11$OvG/gK3BnOV/Zp0AXuH9Y.LnoAeHFjvhnP7.H9aaE3tjwym1QqWo6,,,,5/17/2018,1/4/2019
23,Herrick,Haylock,Sales Associate,hhaylockm@dell.com,225-872-2569,$2a$11$OvG/gK3BnOV/Zp0AXuH9Y.LnoAeHFjvhnP7.H9aaE3tjwym1QqWo6,,,,3/12/2019,6/13/2018
24,Lurleen,Richley,Computer Systems Analyst II,lrichleyn@wordpress.com,579-710-1593,$2a$11$OvG/gK3BnOV/Zp0AXuH9Y.LnoAeHFjvhnP7.H9aaE3tjwym1QqWo6,,,,12/14/2018,10/19/2018
25,Kristofer,Kock,Physical Therapy Assistant,kkocko@time.com,664-179-1474,$2a$11$OvG/gK3BnOV/Zp0AXuH9Y.LnoAeHFjvhnP7.H9aaE3tjwym1QqWo6,,,,6/25/2018,5/4/2018
26,Kimbra,Malec,Executive Secretary,kmalecp@reference.com,764-167-1848,$2a$11$OvG/gK3BnOV/Zp0AXuH9Y.LnoAeHFjvhnP7.H9aaE3tjwym1QqWo6,,,,9/30/2018,4/27/2018
27,Tremayne,Dominiak,Associate Professor,tdominiakq@zimbio.com,416-141-5289,$2a$11$OvG/gK3BnOV/Zp0AXuH9Y.LnoAeHFjvhnP7.H9aaE3tjwym1QqWo6,,,,8/24/2018,9/18/2018
28,Corly,Skym,Senior Cost Accountant,cskymr@independent.co.uk,888-990-9906,$2a$11$OvG/gK3BnOV/Zp0AXuH9Y.LnoAeHFjvhnP7.H9aaE3tjwym1QqWo6,,,,7/10/2018,1/17/2019
29,Marget,Gravett,Director,mgravett15@networksolutions.com,506-807-1354,$2a$11$OvG/gK3BnOV/Zp0AXuH9Y.LnoAeHFjvhnP7.H9aaE3tjwym1QqWo6,,,,11/29/2018,7/5/2018
30,Ivor,Alenichev,Accounting Assistant I,ialenichevt@cdbaby.com,194-474-5115,$2a$11$OvG/gK3BnOV/Zp0AXuH9Y.LnoAeHFjvhnP7.H9aaE3tjwym1QqWo6,,,,5/27/2018,8/28/2018
31,Perry,Visco,VP Sales,pviscou@cafepress.com,930-879-3330,$2a$11$OvG/gK3BnOV/Zp0AXuH9Y.LnoAeHFjvhnP7.H9aaE3tjwym1QqWo6,,,,3/22/2019,8/20/2018
32,Chloette,Antrim,Analyst Programmer,cantrimv@hc360.com,253-223-8232,$2a$11$OvG/gK3BnOV/Zp0AXuH9Y.LnoAeHFjvhnP7.H9aaE3tjwym1QqWo6,,,,1/20/2019,3/4/2019
33,Jesus,Tunsley,Director,jtunsley1t@ucoz.ru,421-263-0062,$2a$11$OvG/gK3BnOV/Zp0AXuH9Y.LnoAeHFjvhnP7.H9aaE3tjwym1QqWo6,,,,5/25/2018,8/9/2018
34,Worthy,Biggadike,Director,wbiggadikez@goo.gl,722-748-6483,$2a$11$OvG/gK3BnOV/Zp0AXuH9Y.LnoAeHFjvhnP7.H9aaE3tjwym1QqWo6,,,,8/11/2018,9/7/2018
35,Ursuline,Amori,Actuary,uamoriy@cdbaby.com,876-307-8569,$2a$11$OvG/gK3BnOV/Zp0AXuH9Y.LnoAeHFjvhnP7.H9aaE3tjwym1QqWo6,,,,9/13/2018,5/30/2018
36,Nels,De Vere,Assistant Media Planner,ndeverez@microsoft.com,916-969-1311,$2a$11$OvG/gK3BnOV/Zp0AXuH9Y.LnoAeHFjvhnP7.H9aaE3tjwym1QqWo6,,,,1/21/2019,7/14/2018
37,Jilly,Jenckes,Director,jjenckes1u@gravatar.com,156-500-2548,$2a$11$OvG/gK3BnOV/Zp0AXuH9Y.LnoAeHFjvhnP7.H9aaE3tjwym1QqWo6,,,,1/29/2019,11/10/2018
38,Pennie,Enever,Web Developer IV,penever11@unicef.org,199-582-8026,$2a$11$OvG/gK3BnOV/Zp0AXuH9Y.LnoAeHFjvhnP7.H9aaE3tjwym1QqWo6,,,,11/5/2018,9/29/2018
39,Joyan,Roostan,Quality Control Specialist,jroostan12@hugedomains.com,827-466-7651,$2a$11$OvG/gK3BnOV/Zp0AXuH9Y.LnoAeHFjvhnP7.H9aaE3tjwym1QqWo6,,,,11/6/2018,1/23/2019
40,Thatch,Tirrey,Design Engineer,ttirrey13@discuz.net,810-883-9258,$2a$11$OvG/gK3BnOV/Zp0AXuH9Y.LnoAeHFjvhnP7.H9aaE3tjwym1QqWo6,,,,11/5/2018,6/14/2018
41,Briant,Heales,Director,bhealesw@cargocollective.com,513-732-4946,$2a$11$OvG/gK3BnOV/Zp0AXuH9Y.LnoAeHFjvhnP7.H9aaE3tjwym1QqWo6,,,,4/22/2018,5/8/2018
42,Adora,Dignam,Developer II,adignam15@wikia.com,841-849-1693,$2a$11$OvG/gK3BnOV/Zp0AXuH9Y.LnoAeHFjvhnP7.H9aaE3tjwym1QqWo6,,,,12/2/2018,7/23/2018
43,Bink,Pask,Director,bpask2j@wsj.com,761-446-7131,$2a$11$OvG/gK3BnOV/Zp0AXuH9Y.LnoAeHFjvhnP7.H9aaE3tjwym1QqWo6,,,,1/19/2019,1/10/2019
44,Deina,Reaman,Systems Administrator II,dreaman17@goo.ne.jp,251-883-2692,$2a$11$OvG/gK3BnOV/Zp0AXuH9Y.LnoAeHFjvhnP7.H9aaE3tjwym1QqWo6,,,,2/24/2019,3/13/2019
45,Austin,Maccrea,Director,amaccrea2i@simplemachines.org,545-868-2033,$2a$11$OvG/gK3BnOV/Zp0AXuH9Y.LnoAeHFjvhnP7.H9aaE3tjwym1QqWo6,,,,9/27/2018,4/9/2018
46,Brigit,Harlock,Database Administrator I,bharlock19@istockphoto.com,853-956-5923,$2a$11$OvG/gK3BnOV/Zp0AXuH9Y.LnoAeHFjvhnP7.H9aaE3tjwym1QqWo6,,,,2/15/2019,4/26/2018
47,Monro,Illingsworth,Statistician II,millingsworth1a@google.co.uk,575-643-6173,$2a$11$OvG/gK3BnOV/Zp0AXuH9Y.LnoAeHFjvhnP7.H9aaE3tjwym1QqWo6,,,,1/12/2019,8/8/2018
48,Dorena,Rosenzwig,Director,drosenzwig26@yellowpages.com,467-729-8607,$2a$11$OvG/gK3BnOV/Zp0AXuH9Y.LnoAeHFjvhnP7.H9aaE3tjwym1QqWo6,,,,5/23/2018,7/9/2018
49,Engelbert,Brammar,Director,ebrammar21@google.fr,705-329-2836,$2a$11$OvG/gK3BnOV/Zp0AXuH9Y.LnoAeHFjvhnP7.H9aaE3tjwym1QqWo6,,,,4/21/2018,4/2/2019
50,Edithe,Sapwell,Assistant Manager,esapwell1d@google.ca,246-358-1004,$2a$11$OvG/gK3BnOV/Zp0AXuH9Y.LnoAeHFjvhnP7.H9aaE3tjwym1QqWo6,,,,8/18/2018,8/2/2018
51,Anissa,Vinall,Occupational Therapist,avinall1e@patch.com,779-500-0763,$2a$11$OvG/gK3BnOV/Zp0AXuH9Y.LnoAeHFjvhnP7.H9aaE3tjwym1QqWo6,,,,11/24/2018,4/9/2018
52,Roscoe,Downgate,Nuclear Power Engineer,rdowngate1f@github.io,458-173-1411,$2a$11$OvG/gK3BnOV/Zp0AXuH9Y.LnoAeHFjvhnP7.H9aaE3tjwym1QqWo6,,,,9/20/2018,2/18/2019
53,Phebe,Le Barr,Director,ple1c@theguardian.com,998-735-8251,$2a$11$OvG/gK3BnOV/Zp0AXuH9Y.LnoAeHFjvhnP7.H9aaE3tjwym1QqWo6,,,,10/23/2018,8/31/2018
54,Benton,St Leger,Senior Financial Analyst,bstleger1h@behance.net,446-773-3067,$2a$11$OvG/gK3BnOV/Zp0AXuH9Y.LnoAeHFjvhnP7.H9aaE3tjwym1QqWo6,,,,2/27/2019,3/19/2019
55,Dasha,Elphey,Director,delphey29@seesaa.net,836-506-7316,$2a$11$OvG/gK3BnOV/Zp0AXuH9Y.LnoAeHFjvhnP7.H9aaE3tjwym1QqWo6,,,,12/29/2018,10/27/2018
56,Reggi,Paslow,Registered Nurse,rpaslow1j@github.com,841-176-3030,$2a$11$OvG/gK3BnOV/Zp0AXuH9Y.LnoAeHFjvhnP7.H9aaE3tjwym1QqWo6,,,,10/16/2018,6/12/2018
57,Madelyn,Letts,Clinical Specialist,mletts1k@amazon.co.uk,172-884-8861,$2a$11$OvG/gK3BnOV/Zp0AXuH9Y.LnoAeHFjvhnP7.H9aaE3tjwym1QqWo6,,,,10/1/2018,2/2/2019
58,Myrtle,Durrett,Associate Professor,mdurrett1l@de.vu,977-780-7562,$2a$11$OvG/gK3BnOV/Zp0AXuH9Y.LnoAeHFjvhnP7.H9aaE3tjwym1QqWo6,,,,1/22/2019,5/29/2018
59,Gabriel,Scholl,Teacher,gscholl1m@accuweather.com,894-239-0393,$2a$11$OvG/gK3BnOV/Zp0AXuH9Y.LnoAeHFjvhnP7.H9aaE3tjwym1QqWo6,,,,4/30/2018,9/3/2018
60,Korie,Avieson,Chemical Engineer,kavieson1n@slashdot.org,546-571-4799,$2a$11$OvG/gK3BnOV/Zp0AXuH9Y.LnoAeHFjvhnP7.H9aaE3tjwym1QqWo6,,,,12/29/2018,5/2/2018
61,Domenic,Squibe,Director,dsquibe17@youku.com,426-894-4834,$2a$11$OvG/gK3BnOV/Zp0AXuH9Y.LnoAeHFjvhnP7.H9aaE3tjwym1QqWo6,,,,11/19/2018,1/26/2019
62,Pyotr,Sproson,Internal Auditor,psproson1p@hao123.com,890-868-6656,$2a$11$OvG/gK3BnOV/Zp0AXuH9Y.LnoAeHFjvhnP7.H9aaE3tjwym1QqWo6,,,,3/10/2019,2/13/2019
63,Raquela,Ivushkin,Environmental Specialist,rivushkin1q@stumbleupon.com,420-291-9254,$2a$11$OvG/gK3BnOV/Zp0AXuH9Y.LnoAeHFjvhnP7.H9aaE3tjwym1QqWo6,,,,4/19/2018,11/6/2018
64,Ker,Kimber,Human Resources Assistant IV,kkimber1r@ihg.com,793-127-4824,$2a$11$OvG/gK3BnOV/Zp0AXuH9Y.LnoAeHFjvhnP7.H9aaE3tjwym1QqWo6,,,,8/15/2018,9/15/2018
65,Ceciley,Dalley,Help Desk Technician,cdalley1s@howstuffworks.com,812-914-2413,$2a$11$OvG/gK3BnOV/Zp0AXuH9Y.LnoAeHFjvhnP7.H9aaE3tjwym1QqWo6,,,,6/6/2018,1/28/2019
66,Willa,Martynikhin,Statistician IV,wmartynikhin1t@scribd.com,633-425-2659,$2a$11$OvG/gK3BnOV/Zp0AXuH9Y.LnoAeHFjvhnP7.H9aaE3tjwym1QqWo6,,,,8/30/2018,2/25/2019
67,Berkley,Rampage,Product Engineer,brampage1u@msu.edu,475-679-6301,$2a$11$OvG/gK3BnOV/Zp0AXuH9Y.LnoAeHFjvhnP7.H9aaE3tjwym1QqWo6,,,,12/31/2018,9/6/2018
68,Glynis,Drabble,Analog Circuit Design manager,gdrabble1v@bloglines.com,592-625-4407,$2a$11$OvG/gK3BnOV/Zp0AXuH9Y.LnoAeHFjvhnP7.H9aaE3tjwym1QqWo6,,,,10/21/2018,9/25/2018
69,Farrah,Fritter,Director of Sales,ffritter1w@goo.ne.jp,952-953-4181,$2a$11$OvG/gK3BnOV/Zp0AXuH9Y.LnoAeHFjvhnP7.H9aaE3tjwym1QqWo6,,,,8/1/2018,3/28/2019
70,Maryanna,Pettigree,Programmer Analyst II,mpettigree1x@godaddy.com,949-957-1854,$2a$11$OvG/gK3BnOV/Zp0AXuH9Y.LnoAeHFjvhnP7.H9aaE3tjwym1QqWo6,,,,6/24/2018,12/18/2018
71,Jonas,Larrett,Director,jlarrett3@storify.com,255-775-0492,$2a$11$OvG/gK3BnOV/Zp0AXuH9Y.LnoAeHFjvhnP7.H9aaE3tjwym1QqWo6,,,,11/17/2018,1/2/2019
72,Prue,Oliveras,Software Consultant,poliveras1z@comcast.net,966-575-2301,$2a$11$OvG/gK3BnOV/Zp0AXuH9Y.LnoAeHFjvhnP7.H9aaE3tjwym1QqWo6,,,,2/20/2019,8/23/2018
73,Kerwinn,Ruggieri,Director,kruggieri28@woothemes.com,174-274-2754,$2a$11$OvG/gK3BnOV/Zp0AXuH9Y.LnoAeHFjvhnP7.H9aaE3tjwym1QqWo6,,,,6/8/2018,5/9/2018
74,Lory,Burfitt,Dental Hygienist,lburfitt21@businessweek.com,258-235-6242,$2a$11$OvG/gK3BnOV/Zp0AXuH9Y.LnoAeHFjvhnP7.H9aaE3tjwym1QqWo6,,,,8/16/2018,1/15/2019
75,Sabine,Coode,Director,scoode1l@reddit.com,617-381-6540,$2a$11$OvG/gK3BnOV/Zp0AXuH9Y.LnoAeHFjvhnP7.H9aaE3tjwym1QqWo6,,,,8/27/2018,11/6/2018
76,Jannelle,Axcel,Accounting Assistant II,jaxcel23@chronoengine.com,853-324-7468,$2a$11$OvG/gK3BnOV/Zp0AXuH9Y.LnoAeHFjvhnP7.H9aaE3tjwym1QqWo6,,,,2/22/2019,6/29/2018
77,Jayme,Camellini,Director,jcamellini1j@gravatar.com,392-443-0221,$2a$11$OvG/gK3BnOV/Zp0AXuH9Y.LnoAeHFjvhnP7.H9aaE3tjwym1QqWo6,,,,6/28/2018,12/21/2018
78,Lillis,Samms,Director,lsamms1b@freewebs.com,151-421-3481,$2a$11$OvG/gK3BnOV/Zp0AXuH9Y.LnoAeHFjvhnP7.H9aaE3tjwym1QqWo6,,,,11/26/2018,4/15/2018
79,Andie,Andreas,Director,aandreas7@rambler.ru,439-380-7502,$2a$11$OvG/gK3BnOV/Zp0AXuH9Y.LnoAeHFjvhnP7.H9aaE3tjwym1QqWo6,,,,4/4/2019,1/4/2019
80,Marin,Elliman,Assistant Media Planner,melliman27@cbslocal.com,415-905-0635,$2a$11$OvG/gK3BnOV/Zp0AXuH9Y.LnoAeHFjvhnP7.H9aaE3tjwym1QqWo6,,,,8/22/2018,2/17/2019
81,Felic,Shailer,Senior Financial Analyst,fshailer28@salon.com,932-598-7172,$2a$11$OvG/gK3BnOV/Zp0AXuH9Y.LnoAeHFjvhnP7.H9aaE3tjwym1QqWo6,,,,11/27/2018,6/28/2018
82,Gustave,Spaule,Associate Professor,gspaule29@rakuten.co.jp,574-235-4041,$2a$11$OvG/gK3BnOV/Zp0AXuH9Y.LnoAeHFjvhnP7.H9aaE3tjwym1QqWo6,,,,4/14/2018,10/12/2018
83,Heddi,Pigden,Director,hpigden11@discovery.com,763-368-6006,$2a$11$OvG/gK3BnOV/Zp0AXuH9Y.LnoAeHFjvhnP7.H9aaE3tjwym1QqWo6,,,,1/5/2019,10/14/2018
84,Sioux,Lambrook,Statistician III,slambrook2b@ox.ac.uk,884-502-9797,$2a$11$OvG/gK3BnOV/Zp0AXuH9Y.LnoAeHFjvhnP7.H9aaE3tjwym1QqWo6,,,,1/4/2019,11/12/2018
85,Loutitia,Worvill,Director,lworvill0@chicagotribune.com,328-743-9469,$2a$11$OvG/gK3BnOV/Zp0AXuH9Y.LnoAeHFjvhnP7.H9aaE3tjwym1QqWo6,,,,2/16/2019,2/2/2019
86,Gottfried,Aveline,Legal Assistant,gaveline2d@sina.com.cn,354-695-3148,$2a$11$OvG/gK3BnOV/Zp0AXuH9Y.LnoAeHFjvhnP7.H9aaE3tjwym1QqWo6,,,,10/19/2018,1/23/2019
87,Ware,Diperaus,Data Coordiator,wdiperaus2e@so-net.ne.jp,639-257-6418,$2a$11$OvG/gK3BnOV/Zp0AXuH9Y.LnoAeHFjvhnP7.H9aaE3tjwym1QqWo6,,,,7/9/2018,11/16/2018
88,Antin,Cowerd,Software Engineer I,acowerd2f@clickbank.net,248-882-2853,$2a$11$OvG/gK3BnOV/Zp0AXuH9Y.LnoAeHFjvhnP7.H9aaE3tjwym1QqWo6,,,,7/3/2018,5/1/2018
89,Egor,Matanin,Systems Administrator II,ematanin2g@dailymotion.com,151-777-6313,$2a$11$OvG/gK3BnOV/Zp0AXuH9Y.LnoAeHFjvhnP7.H9aaE3tjwym1QqWo6,,,,2/26/2019,4/1/2019
90,Tedra,Salliss,Director,tsalliss1q@surveymonkey.com,479-578-5229,$2a$11$OvG/gK3BnOV/Zp0AXuH9Y.LnoAeHFjvhnP7.H9aaE3tjwym1QqWo6,,,,7/6/2018,3/26/2019
91,Roxi,Baulcombe,Junior Executive,rbaulcombe2i@sciencedirect.com,535-348-3290,$2a$11$OvG/gK3BnOV/Zp0AXuH9Y.LnoAeHFjvhnP7.H9aaE3tjwym1QqWo6,,,,11/16/2018,12/14/2018
92,Cirillo,Greenside,Director,cgreensideu@pcworld.com,716-141-3630,$2a$11$OvG/gK3BnOV/Zp0AXuH9Y.LnoAeHFjvhnP7.H9aaE3tjwym1QqWo6,,,,8/14/2018,5/26/2018
93,Rouvin,Trevethan,Director of Sales,rtrevethan2k@wikispaces.com,721-627-4143,$2a$11$OvG/gK3BnOV/Zp0AXuH9Y.LnoAeHFjvhnP7.H9aaE3tjwym1QqWo6,,,,9/14/2018,12/17/2018
94,Shirline,Pedracci,Internal Auditor,spedracci2l@si.edu,651-240-4896,$2a$11$OvG/gK3BnOV/Zp0AXuH9Y.LnoAeHFjvhnP7.H9aaE3tjwym1QqWo6,,,,6/10/2018,11/1/2018
95,Perle,Pardue,Director,ppardue2h@last.fm,572-704-5582,$2a$11$OvG/gK3BnOV/Zp0AXuH9Y.LnoAeHFjvhnP7.H9aaE3tjwym1QqWo6,,,,11/30/2018,4/28/2018
96,Fania,Penman,Technical Writer,fpenman2n@sun.com,432-932-3700,$2a$11$OvG/gK3BnOV/Zp0AXuH9Y.LnoAeHFjvhnP7.H9aaE3tjwym1QqWo6,,,,1/5/2019,4/28/2018
97,Zorah,Aylett,Senior Financial Analyst,zaylett2o@qq.com,503-720-0190,$2a$11$OvG/gK3BnOV/Zp0AXuH9Y.LnoAeHFjvhnP7.H9aaE3tjwym1QqWo6,,,,8/17/2018,11/2/2018
98,Justis,Musson,Editor,jmusson2p@netscape.com,688-146-1262,$2a$11$OvG/gK3BnOV/Zp0AXuH9Y.LnoAeHFjvhnP7.H9aaE3tjwym1QqWo6,,,,5/25/2018,4/5/2019
99,Remy,Blind,VP Quality Control,rblind2q@lycos.com,440-762-4464,$2a$11$OvG/gK3BnOV/Zp0AXuH9Y.LnoAeHFjvhnP7.H9aaE3tjwym1QqWo6,,,,6/28/2018,8/9/2018
100,Janeczka,Wilsone,Senior Sales Associate,jwilsone2r@google.es,312-416-0912,$2a$11$OvG/gK3BnOV/Zp0AXuH9Y.LnoAeHFjvhnP7.H9aaE3tjwym1QqWo6,,,,1/8/2019,4/14/2018
